timestamp,status,scenario,commit,change_ref,total_nodes,avg_nodes_per_turn,deepest_completed_depth,notes
2026-03-08T20:14:09-07:00,baseline,profile,bf81c22,steady-state-profiling-benchmark,246590,49318,3,"5 repeated searches after 2 warmup turns; benchmark from scripts/run-benchmarks.sh profile"
2026-03-08T20:14:09-07:00,kept,profile,e15793c,tt-verification-key,246590,49318,3,"Added independent TT verification key and collision regression test; no measured node change on profile baseline"
2026-03-08T20:14:09-07:00,discarded,profile,working-tree,pvs-null-window,190870,38174,3,"Principal variation search reduced repeated-search throughput versus baseline; reverted"
2026-03-08T20:14:09-07:00,discarded,profile,working-tree,tt-hash-move-ordering,174115,34823,3,"TT move-to-front ordering reduced repeated-search throughput versus baseline; reverted"
2026-03-08T20:14:09-07:00,discarded,profile,working-tree,fixed-size-tt-table,246590,49318,3,"Direct-index TT table with simple overwrite policy did not improve repeated-search node count; reverted"
2026-03-08T20:14:09-07:00,discarded,profile,working-tree,root-pv-ordering,208000,41600,3,"Iterative-deepening root preferred move ordering reduced repeated-search throughput versus baseline; reverted"
2026-03-08T20:14:09-07:00,discarded,profile,working-tree,cached-goodness-evaluation,246590,49318,3,"Incremental leaf evaluation preserved behavior but did not improve repeated-search node count; reverted"
2026-03-08T20:14:09-07:00,discarded,profile,working-tree,killer-moves,174125,34825,3,"Generic killer-move ordering reduced repeated-search throughput versus baseline; reverted"
2026-03-08T20:14:09-07:00,kept,profile,75be3ca,wordbase-path-heuristic-v1,275945,55189,3,"Added static move-ordering bonuses for word length, edge progress, and bomb contact; repeated-search baseline improved and reproduced"
2026-03-08T20:14:09-07:00,discarded,profile,working-tree,wordbase-path-heuristic-v2-edge-bonus,258010,51602,3,"Extra near-edge bonus reduced repeated-search throughput versus v1; reverted"
2026-03-08T20:14:09-07:00,discarded,profile,working-tree,wordbase-path-heuristic-v3-no-bomb-bonus,238095,47619,3,"Removing bomb and megabomb bonuses reduced repeated-search throughput versus v1; reverted"
2026-03-08T20:14:09-07:00,discarded,profile,working-tree,wordbase-path-heuristic-v4-endpoint-bonus,252465,50493,3,"Endpoint-row bonus reduced repeated-search throughput versus v1; reverted"
2026-03-08T20:14:09-07:00,discarded,profile,working-tree,wordbase-path-heuristic-v5-length24,237915,47583,3,"Increasing the length bonus above v1 reduced repeated-search throughput; reverted"
2026-03-08T20:14:09-07:00,discarded,profile,working-tree,wordbase-path-heuristic-v6-progress40,252795,50559,3,"Increasing the progress bonus above v1 reduced repeated-search throughput; reverted"
2026-03-08T20:14:09-07:00,discarded,profile,working-tree,wordbase-path-heuristic-v7-progress24,275140,55028,3,"Lowering the progress bonus was close to v1 but still slightly worse; reverted"
2026-03-08T20:14:09-07:00,discarded,profile,working-tree,wordbase-path-heuristic-v8-bomb64,264610,52922,3,"Lowering bomb and megabomb bonuses reduced repeated-search throughput versus v1; reverted"
2026-03-08T20:14:09-07:00,discarded,profile,working-tree,wordbase-path-heuristic-v9-span24,238185,47637,3,"Forward-span bonus reduced repeated-search throughput versus v1; reverted"
2026-03-08T20:14:09-07:00,discarded,profile,working-tree,recordOne-already-owned-early-return,275945,55189,3,"Skipping already-owned cells in recordOne preserved behavior but did not improve the repeated-search baseline"
2026-03-08T20:14:09-07:00,discarded,profile,working-tree,recordOne-iterative-propagation,275945,55189,3,"Iterative bomb propagation in recordOne preserved behavior but did not improve the repeated-search baseline; reverted"
2026-03-08T20:14:09-07:00,discarded,profile,working-tree,dynamic-front-window-ordering,187145,37429,3,"State-aware front-window reranking by claimable and enemy path cells reduced repeated-search throughput badly versus v1; reverted"
2026-03-08T20:14:09-07:00,discarded,profile,working-tree,wordbase-square-mobility-divisor8,261675,52335,3,"Adding a weak future-mobility bonus from per-square legal-word counts underperformed the stronger variants"
2026-03-08T20:14:09-07:00,discarded,profile,working-tree,wordbase-square-mobility-divisor4,277530,55506,3,"A moderate future-mobility bonus improved profile slightly but was dominated by stronger scaling"
2026-03-08T20:14:09-07:00,discarded,profile,working-tree,wordbase-square-mobility-divisor2,278125,55625,3,"A stronger future-mobility bonus improved profile but still underperformed divisor1"
2026-03-08T20:14:09-07:00,kept,profile,working-tree,wordbase-square-mobility-divisor1,339260,67852,3,"Added a per-square future-mobility bonus from legal-word counts across the claimed path; profile rose from 275945 to 339260 and short rose from 81916 to 84370"
2026-03-08T20:14:09-07:00,discarded,profile,working-tree,depth-based-move-cap-120-60,122100,24420,3,"Shrinking the move cap aggressively by ply cut away too much search and reduced both short and repeated-search benchmarks"
2026-03-08T20:14:09-07:00,discarded,profile,working-tree,wordbase-forward-mobility-bonus-32,337075,67415,3,"Extra forward-weighted mobility on top of raw mobility improved short slightly but lost on repeated search"
2026-03-08T20:14:09-07:00,discarded,profile,working-tree,wordbase-future-diversity-divisor8,339725,67945,3,"A weak future-move diversity bonus was worse than the stronger diversity variants"
2026-03-08T20:14:09-07:00,discarded,profile,working-tree,wordbase-future-diversity-divisor4,345410,69082,3,"A moderate future-move diversity bonus improved on raw mobility but was beaten by divisor2"
2026-03-08T20:14:09-07:00,discarded,profile,working-tree,wordbase-future-diversity-divisor1,22785,4557,2,"Overweighting future-move diversity collapsed the search and dropped completed depth"
2026-03-08T20:14:09-07:00,kept,profile,working-tree,wordbase-future-diversity-divisor2,354475,70895,3,"Added a future-move diversity bonus based on unique legal starts unlocked by the claimed path; profile rose from 339260 to 354475 and short rose to 87822"
2026-03-08T20:14:09-07:00,discarded,profile,working-tree,tt-hash-move-ordering-retest,182050,36410,3,"TT hash-move ordering still reduced throughput badly even after the stronger Wordbase ordering baseline; reverted"
2026-03-08T20:14:09-07:00,discarded,profile,working-tree,wordbase-deep-diversity-frontier,221088,44217,3,"Biasing diversity toward the deepest claimed cells looked promising in one run but was not repeatable and was reverted"
2026-03-08T20:14:09-07:00,discarded,profile,working-tree,wordbase-peak-anchor-quality,81955,16391,2,"Using the best future word from claimed anchors overfit flashy lines and collapsed repeated-search depth"
2026-03-08T20:14:09-07:00,discarded,profile,working-tree,wordbase-long-word-count,17775,3555,2,"Counting long future words per square was another unstable anchor-quality signal and was reverted"
2026-03-08T20:14:09-07:00,kept,profile,working-tree,wordbase-long-future-diversity,364230,72846,3,"Added a long-word diversity bonus so paths preserving many distinct long threats are ordered earlier; profile rose from 354475 to 364230"
2026-03-08T21:21:32-07:00,kept,profile,0ca2b91,find-first-renumbered-goodness,364230,72846,3,Use_find_first_no_behavior_change
2026-03-08T21:22:25-07:00,discarded,profile,working-tree,wordbase-bend-penalty-k8,363915,72783,3,"Added a small bend penalty to prefer straighter lanes; repeated-search nodes regressed slightly vs baseline 364230 so reverting"
2026-03-08T21:23:04-07:00,discarded,profile,working-tree,endpoint-anchor-bonus-divisor6,364230,72846,3,No measurable change versus baseline; reverted to divisor8
2026-03-08T21:23:16-07:00,kept,profile,working-tree,wordbase-letter-rarity-target6-divisor2,364270,72854,3,"Added a rare-letter tie-breaker favoring paths that claim scarce letters (e.g., the lone 'z' along GLAMORIZE). On the profile scenario total_nodes rose from 364230 to 364270 and deepest_completed_depth stayed 3; effect is tiny but repeatable."
2026-03-08T21:23:30-07:00,discarded,profile,working-tree,wordbase-neighborhood-halo-divisor48,18005,3601,2,"Added a very weak 8-neighbor halo bonus; repeated-search depth collapsed from 3 to 2, so reverting"
2026-03-08T21:26:45-07:00,discarded,profile,working-tree,wordbase-neighborhood-max-halo-k96,364230,72846,3,Added a max-halo neighborhood tie-breaker (3x3 local mobility, single best cell per path) with a stiff divisor; profile repeated-search nodes unchanged vs baseline so reverting
2026-03-08T21:27:14-07:00,discarded,profile,working-tree,wordbase-letter-rarity-target6-divisor2,364230,72846,3,"After implementing the rare-letter tie-breaker, repeated-search totals matched baseline (no throughput or depth change). Keeping tree clean and reverting."
2026-03-08T21:31:51.827024-07:00,discarded,profile,working-tree,wordbase-row-band-diversity-weight8,364230,72846,3,"Added a row-band diversity bonus that rewards paths spanning many distinct rows (e.g., GLAMORIZE diagonal vs GLASS horizontal). Repeated-search totals unchanged vs baseline; reverting."
2026-03-08T21:34:17-07:00,discarded,profile,working-tree,wordbase-column-band-diversity-weight8,364230,72846,3,"Added a small column-band diversity bonus so diagonals like GLAMORIZE beat one-file paths like EEL when other signals tie. Repeated-search totals reproduced exactly at baseline, so reverting."
2026-03-08T21:35:19-07:00,discarded,profile,working-tree,wordbase-frontier-square-word-count-divisor6,364230,72846,3,"Added a frontier mobility bonus from unique neighboring squares around the claimed path (e.g., GLAMORIZE leaves side shoulders; EEL mostly stacks starts on one file). At divisor 6 the repeated-search profile stayed exactly at baseline, so trying a stronger scaling."
2026-03-08T21:35:51-07:00,discarded,profile,working-tree,wordbase-frontier-square-word-count-divisor2,345895,69179,3,"Strengthening the frontier neighboring-word-count bonus reordered search in the wrong direction: repeated-search profile fell from 364230 to 345895 while depth stayed 3. Reverting that scaling and trying a less correlated frontier signal."
2026-03-08T21:36:25-07:00,discarded,profile,working-tree,wordbase-frontier-square-count-weight12,340310,68062,3,"Switched to a geometry-only frontier count that rewards paths exposing many neighboring squares. It was even noisier: repeated-search profile fell to 340310 with no extra depth, so reverting to the known-good baseline."
2026-03-08T21:39:08-07:00,discarded,profile,working-tree,wordbase-future-word-text-diversity-divisor4,364230,72846,3,"Counted distinct future word texts so a lane leaving {stare, stern, stone} would outrank one mostly preserving repeated GLAMORIZE placements. At divisor 4 the repeated-search profile matched the 364230 baseline exactly, so reverting."
2026-03-08T21:39:08-07:00,discarded,profile,working-tree,wordbase-future-word-text-diversity-divisor2,364230,72846,3,"Strengthening the distinct future word-text bonus still produced the exact 364230 repeated-search profile total with depth 3. The text-level signal was too correlated with the existing mobility/diversity stack, so reverting."
2026-03-08T21:41:42-07:00,discarded,profile,working-tree,wordbase-future-progress-row-coverage-weight8,17760,3552,2,"Rewarded paths whose future follow-ups land on several forward rows instead of one band. That reordered the profile position badly enough to stall at depth 2 on every repeated search, so reverting."
2026-03-08T21:42:52-07:00,discarded,profile,working-tree,wordbase-future-start-square-coverage-weight6,18005,3601,2,"Rewarded paths that preserved many distinct future start squares. That favored noisy multi-anchor clutter over the baseline ordering and every repeated search stalled at depth 2, so reverting."
2026-03-08T21:43:36-07:00,discarded,profile,working-tree,wordbase-long-future-start-square-coverage-weight8,18005,3601,2,"Restricted the start-square coverage bonus to long follow-ups only, hoping to favor separate long-threat anchors. It still shoved the profile search into the same bad depth-2 ordering, so reverting."
2026-03-08T21:47:48-07:00,discarded,profile,working-tree,wordbase-long-square-word-count-divisor4,17775,3555,2,"Summed per-square counts of long words along the claimed path so the middle of a GLAMORIZE lane would outrank side squares that mostly feed GLASS. The signal was far too strong: repeated-search depth fell from 3 to 2, so reverting."
2026-03-08T21:47:48-07:00,kept,profile,working-tree,wordbase-square-forward-reach-divisor4,364570,72914,3,"Added a small per-square forward-reach bonus based on the average depth of words through each claimed cell, so lanes used by deeper attacks like PERILLED break ties over squares whose words stall locally. The repeated-search profile improved reproducibly from 364230 to 364570 in two runs, and short held at 87981."
2026-03-08T22:01:10-07:00,discarded,profile,working-tree,wordbase-square-forward-reach-top3-divisor4,363575,72715,3,"Clipped the existing per-square forward-reach bonus to the best three claimed cells so anchor squares on lanes like PERILLED would outweigh weaker tail cells. The repeated-search profile regressed clearly from 364570 to 363575 at the same depth 3, so reverting without running profile-suite."
2026-03-08T22:05:48-07:00,discarded,profile,working-tree,wordbase-forward-reach-gated-rarity-target6-divisor8,360220,72044,3,"Scaled rare-letter credit by each claimed square's forward reach above the board average so the GLAMORIZE 'z' would only matter on deep lanes. The repeated-search profile regressed from 364570 to 360220 at the same depth 3, so reverting without running profile-suite."
2026-03-08T22:27:48-07:00,discarded,profile,working-tree,wordbase-average-square-forward-reach-divisor8,364570,72914,3,"Added a tiny average forward-reach tie-breaker so words whose whole lane stays active, like PERILLED, could beat paths that only brush one deep anchor. The repeated-search profile was bit-for-bit identical to the 364570 baseline at depth 3, so the signal was too correlated with the existing summed forward-reach bonus and was reverted."
2026-03-08T22:30:15-07:00,discarded,profile,working-tree,wordbase-strong-square-forward-reach-count-divisor2,364570,72914,3,"Counted claimed cells whose forward-reach score cleared the board's active-square average plus one, so lanes like PERILLED with several strong interior cells would edge out paths leaning on one GLAMORIZE peak. The repeated-search profile was bit-for-bit identical to the 364570 baseline at depth 3, so the thresholded count was too correlated with the existing summed forward-reach bonus and was reverted."
2026-03-08T22:32:16-07:00,discarded,profile,working-tree,wordbase-strong-square-forward-reach-excess-average-divisor8,156349,31269.8,3,"Added a tiny per-cell bonus for forward reach above the board average so several strong interior PERILLED squares could beat a lane leaning on one GLAMORIZE peak. The repeated-search profile was unstable and collapsed from depth 3 to depth 2 in the last three runs, so reverting without running profile-suite."
2026-03-08T22:33:36-07:00,discarded,profile,working-tree,wordbase-consistent-forward-reach-threshold3-margin1,360450,72090,3,"Added a one-point bonus when at least three claimed cells cleared the board average forward reach plus one, so uniformly deep lanes like PERILLED could beat paths that only touch one strong GLAMORIZE anchor. The repeated-search profile regressed clearly from 364570 to 360450 at the same depth 3, so reverting without running profile-suite."
2026-03-08T22:35:31-07:00,discarded,profile,working-tree,wordbase-strong-square-forward-reach-pairs-average-divisor6,353380,70676,3,"Added a tiny pair bonus for claimed cells at or above the board-average forward reach, so uniformly deep lanes like PERILLED would gain only when several cells stayed live instead of from one GLAMORIZE anchor alone. The repeated-search profile regressed clearly from 364570 to 353380 at the same depth 3, so reverting without running profile-suite."
2026-03-08T22:36:43-07:00,discarded,profile,working-tree,wordbase-strong-square-forward-reach-threshold10-count-divisor2,360020,72004,3,"Added a tiny bonus for each claimed cell whose existing forward-reach score already reached row 10+, so lanes with several near-goal interior squares like PERILLED could outrank mixed paths riding one GLAMORIZE anchor. The repeated-search profile regressed clearly from 364570 to 360020 at the same depth 3, so reverting without running profile-suite."
2026-03-08T22:40:15-07:00,discarded,profile,working-tree,wordbase-strong-square-forward-reach-median-count-divisor4,364490,72898,3,"Counted claimed cells whose existing forward-reach score met the board-wide median, so uniformly live lanes like PERILLED could gain from several solid interior cells instead of one GLAMORIZE peak. Two repeated-search profile runs reproduced the same slight regression from 364570 to 364490 at depth 3, so reverting without running profile-suite."
2026-03-08T22:41:33-07:00,discarded,profile,working-tree,wordbase-square-word-count-forward-reach-midline-half-credit,292440,58488,3,"Gated each square's raw word-count bonus by its existing forward reach, keeping full credit only for cells at or beyond the board midline and giving shallow cells half credit so GLAMORIZE/PERILLED-style deep lanes would beat EEL-style cleanup pockets. The repeated-search profile regressed sharply from 364570 to 292440 at the same depth 3, so reverting without running profile-suite."
2026-03-08T22:44:01-07:00,discarded,profile,working-tree,wordbase-square-word-count-forward-reach-slack8-half-excess,339295,67859,3,"Soft-capped each claimed square's raw word-count bonus at its forward reach plus eight, halving only the crowded excess so deep GLAMORIZE/PERILLED cells would keep nearly full credit while shallow cleanup pockets like EEL lost only their unsupported overflow. The repeated-search profile regressed clearly from 364570 to 339295 at the same depth 3, so reverting without running profile-suite."
2026-03-08T22:46:14-07:00,discarded,profile,working-tree,wordbase-square-goalward-next-cell-branching-divisor8,364500,72900,3,"Counted only distinct later-in-word neighbor cells that keep moving toward the relevant goal, so PERILLED-style interior squares would keep credit for deeper forks while sideways cleanup pockets like EEL lost non-goalward clutter. Two repeated-search profile runs reproduced the same slight regression from 364570 to 364500 at depth 3, so reverting without running profile-suite."
2026-03-08T22:48:58-07:00,discarded,profile,working-tree,wordbase-square-long-word-count-divisor8,364095,72819,3,"Added a small per-square bonus for how many long legal words pass through each claimed cell, so GLAMORIZE/PERILLED-style anchor lanes would edge out squares whose traffic is mostly short cleanup words like EEL. The repeated-search profile regressed clearly from 364570 to 364095 at the same depth 3, so reverting without running profile-suite."
2026-03-08T22:51:38-07:00,discarded,profile,working-tree,wordbase-square-goalward-next-step-progress-divisor8,364570,72914,3,"Added a tiny per-square bonus for the average goalward row gain of the next cell in each legal word, so PERILLED-style interior lanes that keep stepping toward the goal would edge out sideways cleanup pockets like EEL. The repeated-search profile came back exactly flat at the baseline 364570 / 72914 / depth 3, so reverting without running profile-suite."
2026-03-08T22:53:28-07:00,discarded,profile,working-tree,wordbase-square-goalward-next-cell-branching-divisor8-rerun,364500,72900,3,"Counted only distinct next cells in each word that stayed non-retreating toward the relevant goal, so PERILLED-style interior squares would keep deeper forks while EEL-style sideways cleanup pockets lost credit. The repeated-search profile still slipped slightly from the kept baseline 364570 / 72914 / depth 3 to 364500 / 72900 / depth 3, so reverting without running profile-suite."
2026-03-08T22:55:28-07:00,discarded,profile,working-tree,wordbase-square-goalward-tail-divisor8,360240,72048,3,"Added a tiny per-square bonus for how many later letters in each word still stay non-retreating toward the goal, so interior lanes like PERILLED would keep more downstream credit than sideways cleanup pockets like EEL. The repeated-search profile regressed clearly from the kept baseline 364570 / 72914 / depth 3 to 360240 / 72048 / depth 3, so reverting without running profile-suite."
2026-03-08T22:59:51-07:00,discarded,profile,working-tree,wordbase-policy-prefix-reorder-default-table,24915,4983,2,"Added an experimental policy-table overlay that rescored the top 24 already-good moves using broad static features like path length, forward progress, forward reach, future diversity, and bomb touches. On repeated-search profile it overrode the proven heuristic too aggressively, switching the line to INTERROBANG and collapsing from the kept baseline 364570 / 72914 / depth 3 to 24915 / 4983 / depth 2, so reverting without running profile-suite."
2026-03-08T23:12:40-07:00,discarded,profile,working-tree,wordbase-policy-prefix-local-bubbles-slack24,18015,3603,2,"Added an optional on-disk policy-table stub and let it bubble the top 12 already-good moves upward by at most two slots when their heuristic gap stayed within 24. It still overrode the proven ordering too aggressively, switched the repeated-search line to INTERROBANG, and collapsed from the 364570 / 72914 / depth 3 baseline to 18015 / 3603 / depth 2, so reverting without running profile-suite."
2026-03-08T23:16:02-07:00,discarded,profile,working-tree,wordbase-policy-prefix-exact-tie-bubbles,295163,59032.6,3,"Tightened the optional policy overlay so it only broke exact heuristic ties inside the top-12 prefix, keeping the same broad static features from the cached table. The first four repeated searches stayed at depth 3 but the fifth still slipped to depth 2, leaving the profile summary well below the 364570 / 72914 / depth 3 baseline at 295163 / 59032.6 / depth 3, so reverting without running profile-suite."
2026-03-08T23:08:54-07:00,discarded,profile,working-tree,wordbase-square-text-diversity-divisor16,17770,3554,2,"Added a tiny per-square bonus for how many distinct word texts pass through each claimed cell, hoping broad lexical hubs would beat clusters inflated by duplicate path variants of the same word family. The repeated-search profile immediately flipped to INTERROBANG and collapsed from the 364570 / 72914 / depth 3 baseline to 17770 / 3554 / depth 2, so reverting without running profile-suite."
2026-03-08T23:16:30-07:00,discarded,profile,working-tree,wordbase-policy-table-equal-goodness-tiebreak,364630,72926,3,"Added an optional on-disk static policy stub that scored each legal word from broad board-derived features and only broke exact goodness ties during renumbering. The repeated-search profile improved reproducibly from 364570 / 72914 / depth 3 to 364630 / 72926 / depth 3, but profile-suite regressed driver-sample-a from 298205 to 298045 and slipped the suite average total nodes from 221595 to 221561.67, so reverting."
2026-03-08T23:18:43-07:00,discarded,profile,working-tree,wordbase-square-long-word-count-divisor8,364095,72819,3,"Added a small per-square bonus for how many long legal words (length >= 8) pass through each claimed cell, so lanes shared by attacks like INTERROBANG or GLAMORIZE would edge out squares whose traffic is mostly short cleanup words like EEL. The repeated-search profile regressed cleanly from the 364570 / 72914 / depth 3 baseline to 364095 / 72819 / depth 3, so reverting without running profile-suite."
2026-03-09T00:00:00-08:00,kept,profile,working-tree,wordbase-raw-feature-exact-goodness-tiebreak,364630,72926,3,"Stored the raw versions of the existing diversity and forward-reach signals, then used them only to break exact heuristic ties caused by integer division. On profile the repeated searches improved reproducibly from 364570 / 72914 / depth 3 to 364630 / 72926 / depth 3, and profile-suite improved overall without regressing any board (readme-main 364630, driver-sample-a 298205, driver-sample-b 2010; suite avg_total_nodes 221615.00)."
2026-03-09T00:00:00-08:00,kept,profile-suite,working-tree,wordbase-raw-feature-exact-goodness-tiebreak,664845,44323,4,"Suite verification for the exact-goodness raw-feature tie-break: readme-main 364630, driver-sample-a 298205, driver-sample-b 2010, suite avg_total_nodes 221615.00 and no board regressed versus the retained baseline."
2026-03-08T23:25:57-07:00,discarded,profile,working-tree,wordbase-optional-policy-weights-final-tiebreak,364630,72926,3,"Added an optional disk-backed policy-weight stub that scored broad per-square averages like forward reach and future diversity, but only as the final tie-break after the retained raw-feature ordering. The repeated-search profile came back exactly flat at 364630 / 72926 / depth 3, so reverting without running profile-suite."
2026-03-08T23:28:43-07:00,discarded,profile,working-tree,wordbase-raw-progress-length-final-tiebreak,364630,72926,3,"Cached raw goal-progress and word-length values and used them only after the retained raw diversity/reach tie-breakers, so lanes that actually reached farther would beat same-score paths that stopped earlier. The repeated-search profile came back exactly flat at 364630 / 72926 / depth 3, so reverting without running profile-suite."
2026-03-08T23:32:47-07:00,discarded,profile,working-tree,wordbase-policy-weights-after-raw-diversity,364630,72926,3,"Added an optional disk-loaded policy-weight stub that attached per-word float scores from broad static features like progress, forward reach, diversity, and bomb access, then used it only after the retained raw diversity tie-breakers. The repeated-search profile came back exactly flat at 364630 / 72926 / depth 3, so reverting without running profile-suite."
2026-03-08T23:35:21-07:00,discarded,profile,working-tree,wordbase-future-word-text-exact-tiebreak,360650,72130,3,"Added an exact-goodness tie-break that counted distinct future word texts, so three equivalent GLAMORIZE routes would not outrank a lane that kept both GLAMORIZE and STARE alive. The repeated-search profile regressed cleanly from the retained 364630 / 72926 / depth 3 baseline to 360650 / 72130 / depth 3, so reverting without running profile-suite."
2026-03-08T23:39:44-07:00,discarded,profile,working-tree,wordbase-static-policy-overlay-final-tiebreak,364630,72926,3,"Added an optional disk-loaded static policy overlay that turned broad board features like average forward reach, diversity, and bomb access into a float per-move score, but only as the final tie-break after the retained raw-feature ordering. With WORDBASE_POLICY_WEIGHTS_FILE=src/policy-weights-static.txt, the repeated-search profile came back exactly flat at 364630 / 72926 / depth 3, so reverting without running profile-suite."
2026-03-08T23:44:48-07:00,discarded,profile,working-tree,wordbase-static-policy-overlay-before-raw-tiebreak,364630,72926,3,"Added an optional disk-loaded static policy overlay that attached broad per-move scores from progress, forward reach, diversity, and bomb access, then used it immediately after the base integer heuristic before the retained raw exact-goodness tie-breakers. With WORDBASE_POLICY_WEIGHTS_FILE=src/policy-weights-static.txt, the repeated-search profile stayed exactly flat at 364630 / 72926 / depth 3, so reverting without running profile-suite."
2026-03-08T23:48:24-07:00,discarded,profile,working-tree,wordbase-killer-history-lmr-conservative,8340,1668,3,"Added per-ply killer slots, a player-scoped history table layered after the existing static Wordbase order, and a conservative late-move reduction for late non-TT/non-killer moves. The repeated-search profile collapsed from the retained 364630 / 72926 / depth 3 baseline to 8340 / 1668 / depth 3, so reverting without running profile-suite."
2026-03-08T23:52:36-07:00,discarded,profile,working-tree,wordbase-future-progress-exact-tiebreak,364630,72926,3,"Added a player-specific exact-goodness tie-break that summed the goal progress of distinct preserved follow-up words, so moves keeping deeper continuations like PERILLED-style lanes could beat equally diverse lanes whose surviving words stalled near short pockets like EEL. The repeated-search profile was bit-for-bit identical to the retained 364630 / 72926 / depth 3 baseline, so reverting without running profile-suite."
2026-03-08T23:54:25-07:00,discarded,profile,working-tree,wordbase-square-word-count-soft-cap-8,339940,67988,3,"Applied diminishing returns to each square's raw legal-word count with an 8-point soft cap plus half-overflow, so GLAMORIZE-style spine cells still scored well but overloaded local clusters stopped scaling linearly. The repeated-search profile regressed clearly from the retained 364630 / 72926 / depth 3 baseline to 339940 / 67988 / depth 3, so reverting without running profile-suite."
2026-03-08T23:56:21-07:00,discarded,profile,working-tree,wordbase-average-square-word-density-final-tiebreak,364630,72926,3,"Added a final exact-goodness tie-break that preferred higher average per-cell word density when total square traffic was equal, so a uniformly active GLAMORIZE-style lane could beat a route that got the same total from one crowded hub plus dead cells. The repeated-search profile was bit-for-bit identical to the retained 364630 / 72926 / depth 3 baseline, so reverting without running profile-suite."
2026-03-08T23:57:54-07:00,discarded,profile,working-tree,wordbase-square-word-count-overflow-start-16-three-quarters,347315,69463,3,"Applied a gentler diminishing-returns transform to per-square legal-word counts by keeping counts linear through 16 and then crediting only three quarters of further overflow, so GLAMORIZE-style spine cells still stayed strong while overloaded local hubs lost some duplicate-heavy weight. The repeated-search profile regressed clearly from the retained 364630 / 72926 / depth 3 baseline to 347315 / 69463 / depth 3, so reverting without running profile-suite."
2026-03-08T23:59:35-07:00,discarded,profile,working-tree,wordbase-square-word-count-overflow-start-32-seven-eighths,353670,70734,3,"Kept per-square legal-word counts linear through 32 and then credited seven eighths of overflow, aiming to preserve GLAMORIZE-style spines while shaving only a little value from overloaded local hubs. The repeated-search profile still regressed from the retained 364630 / 72926 / depth 3 baseline to 353670 / 70734 / depth 3, so reverting without running profile-suite."
2026-03-09T00:02:17-07:00,discarded,profile,working-tree,wordbase-square-word-count-overflow-start-160-fifteen-sixteenths,360045,72009,3,"Kept per-square legal-word counts linear through 160 and then credited fifteen sixteenths of overflow, so ordinary GLAMORIZE-style spine squares stayed untouched while only the busiest duplicate-heavy hubs lost a sliver of weight. The repeated-search profile still regressed from the retained 364630 / 72926 / depth 3 baseline to 360045 / 72009 / depth 3, so reverting without running profile-suite."
2026-03-09T00:03:32-07:00,discarded,profile,working-tree,wordbase-square-word-count-overflow-start-192-seven-eighths,364490,72898,3,"Kept per-square legal-word counts linear through 192 and then credited seven eighths of overflow, so standard GLAMORIZE- or PERILLED-style lane squares stayed untouched while only the busiest 200+ duplicate-heavy hubs lost a little weight. The repeated-search profile still slipped from the retained 364630 / 72926 / depth 3 baseline to 364490 / 72898 / depth 3, so reverting without running profile-suite."
2026-03-09T00:04:55-07:00,discarded,profile,working-tree,wordbase-square-word-count-overflow-start-224-minus-one-per-16,364630,72926,3,"Applied an extremely conservative diminishing-returns transform that kept per-square legal-word counts linear through 224 and then removed only one point per additional block of 16 overflow words, so normal GLAMORIZE- or PERILLED-style lane squares were unchanged while only the most duplicate-heavy 240+ hubs could lose a couple of points. The repeated-search profile was bit-for-bit identical to the retained 364630 / 72926 / depth 3 baseline, so reverting without running profile-suite."
2026-03-09T00:06:40-07:00,discarded,profile,working-tree,wordbase-square-word-count-bonus-only-overflow-start-224-half,364490,72898,3,"Applied a very late diminishing-returns transform only to the heuristic-facing square-word-count bonus, keeping the raw per-path totals for exact tie-breaking while shaving half of any per-square overflow above 224. The repeated-search profile still regressed from the retained 364630 / 72926 / depth 3 baseline to 364490 / 72898 / depth 3, so reverting without running profile-suite."
2026-03-09T00:08:27-07:00,discarded,profile,working-tree,wordbase-square-word-count-bonus-only-overflow-start-224-seven-eighths,364630,72926,3,"Applied a very late diminishing-returns transform only to the heuristic-facing square-word-count bonus, keeping the raw per-path totals for exact tie-breaking while crediting seven eighths of any per-square overflow above 224. The repeated-search profile was bit-for-bit identical to the retained 364630 / 72926 / depth 3 baseline, so reverting without running profile-suite."
2026-03-09T00:10:47-07:00,discarded,profile,working-tree,wordbase-square-word-count-bonus-only-cap-224,364390,72878,3,"Capped each square's contribution to the heuristic-only square-word-count bonus at 224 while keeping the raw per-path total for exact tie-breaking, aiming to leave GLAMORIZE- or PERILLED-style lanes intact while muting only the most overloaded duplicate-heavy hubs. The repeated-search profile regressed from the retained 364630 / 72926 / depth 3 baseline to 364390 / 72878 / depth 3, so reverting without running profile-suite."
2026-03-09T00:12:56-07:00,discarded,profile,working-tree,wordbase-square-word-count-bonus-only-overflow-start-128-half,346135,69227,3,"Changed only the heuristic-facing per-square bonus to keep counts linear through 128 and then credit half of further overflow, while preserving the raw path total for exact tie-breaking. That broad taper heavily underweighted strong GLAMORIZE- or PERILLED-style lane squares along with the noisy hubs, and the repeated-search profile regressed sharply from the retained 364630 / 72926 / depth 3 baseline to 346135 / 69227 / depth 3, so reverting without running profile-suite."
2026-03-09T00:14:53-07:00,discarded,profile,working-tree,wordbase-square-word-count-bonus-only-overflow-start-240-half,364630,72926,3,"Changed only the heuristic-facing per-square bonus to keep counts linear through 240 and then credit half of any further overflow, while preserving the raw path total for exact tie-breaking. The repeated-search profile was bit-for-bit identical to the retained 364630 / 72926 / depth 3 baseline, so reverting without running profile-suite."
2026-03-09T00:16:12-07:00,discarded,profile,working-tree,wordbase-square-word-count-bonus-only-overflow-start-224-three-quarters,364490,72898,3,"Changed only the heuristic-facing per-square bonus to keep counts linear through 224 and then credit three quarters of any further overflow, while preserving the raw path total for exact tie-breaking. That still shaved enough value off the busiest duplicate-heavy hubs to reproduce the same repeated-search regression as the harsher late-overflow variants: profile fell from the retained 364630 / 72926 / depth 3 baseline to 364490 / 72898 / depth 3, so reverting without running profile-suite."
2026-03-09T00:18:07-07:00,discarded,profile,working-tree,wordbase-square-word-count-bonus-only-quadratic-tail-start-192-div512,364490,72898,3,"Changed only the heuristic-facing per-square word-count bonus to stay linear through 192 and then subtract a smooth quadratic tail from heavier overflow, so ordinary GLAMORIZE- or PERILLED-style lane squares stayed untouched while only the most duplicate-heavy hubs lost more noticeable credit. The repeated-search profile reproduced the same regression as the harsher late-overflow variants, falling from the retained 364630 / 72926 / depth 3 baseline to 364490 / 72898 / depth 3, so reverting without running profile-suite."
2026-03-09T00:19:59-07:00,discarded,profile,working-tree,wordbase-square-word-count-bonus-only-overflow-start-192-minus-one-per-16,364490,72898,3,"Changed only the heuristic-facing per-square bonus to stay linear through 192 and then shave one point per additional block of 16 overflow words, while preserving the raw per-path total for exact tie-breaking. Even that narrow trim still reproduced the same repeated-search regression as the other 192-threshold variants, dropping from the retained 364630 / 72926 / depth 3 baseline to 364490 / 72898 / depth 3, so reverting without running profile-suite."
2026-03-09T00:22:26-07:00,discarded,profile,working-tree,wordbase-square-word-count-bonus-only-overflow-start-216-seven-eighths,364490,72898,3,"Changed only the heuristic-facing per-square bonus to keep counts linear through 216 and then credit seven eighths of further overflow, while preserving the raw path total for exact tie-breaking. That still trimmed enough value from heavily reused hub squares to reproduce the same repeated-search regression as the harsher 192- and 224-threshold variants, falling from the retained 364630 / 72926 / depth 3 baseline to 364490 / 72898 / depth 3, so reverting without running profile-suite."
2026-03-09T00:24:21-07:00,discarded,profile,working-tree,wordbase-square-word-count-bonus-only-plus-half-capped-64,21280,4256,2,"Tried a capped additive transform only for the heuristic-facing per-square bonus: each claimed cell kept its raw count plus up to 64 extra points from half the count, aiming to separate cleaner 60- to 120-word lanes without letting 240-word hubs dominate indefinitely. That reweighted the feature far too aggressively, flipping the repeated-search principal variation to INTERROBANG and dropping profile from the retained 364630 / 72926 / depth 3 baseline to 21280 / 4256 / depth 2, so reverting immediately without running profile-suite."
2026-03-09T00:26:28-07:00,discarded,profile,working-tree,wordbase-square-word-count-bonus-only-overflow-start-232-flat-minus-one,364630,72926,3,"Changed only the heuristic-facing per-square bonus to leave each cell linear through 232 and then charge a flat one-point penalty above that, aiming to touch only the most overloaded duplicate-heavy hubs while leaving ordinary GLAMORIZE- or PERILLED-style lane squares unchanged. The repeated-search profile was bit-for-bit identical to the retained 364630 / 72926 / depth 3 baseline, so treating it as flat and reverting without running profile-suite."
2026-03-09T00:27:49-07:00,discarded,profile,working-tree,wordbase-square-word-count-bonus-only-overflow-start-240-quarter-tail,364630,72926,3,"Changed only the heuristic-facing per-square bonus to keep each cell linear through 240 and then credit only one quarter of further overflow, aiming to touch just the busiest duplicate-heavy hubs while leaving ordinary GLAMORIZE- or PERILLED-style lane squares untouched. The repeated-search profile was bit-for-bit identical to the retained 364630 / 72926 / depth 3 baseline, so treating it as flat and reverting without running profile-suite."
2026-03-09T00:29:39-07:00,discarded,profile,working-tree,wordbase-square-word-count-bonus-only-overflow-start-208-fifteen-sixteenths,364490,72898,3,"Changed only the heuristic-facing per-square bonus to keep counts linear through 208 and then shave just one point per additional block of 16 overflow words, aiming to touch only the busiest duplicate-heavy hubs while leaving ordinary GLAMORIZE- or PERILLED-style lane squares fully intact. The repeated-search profile reproduced the same regression as the harsher late-overflow variants, dropping from the retained 364630 / 72926 / depth 3 baseline to 364490 / 72898 / depth 3, so reverting without running profile-suite."
2026-03-09T00:34:20-07:00,discarded,profile,working-tree,wordbase-square-word-count-bonus-only-minus-one-sixty-fourth-per-cell,359950,71990,3,"Changed only the heuristic-facing per-square bonus to subtract each claimed cell's count divided by 64, spreading a tiny compression across all busy squares instead of clipping only the single 231-word hotspot on readme-main. The board distribution check showed most live cells sit far below the earlier 192-plus thresholds, but this broader trim still flipped the repeated-search profile back to INTERROBANG and regressed from the retained 364630 / 72926 / depth 3 baseline to 359950 / 71990 / depth 3, so reverting without running profile-suite."
2026-03-09T00:36:06-07:00,discarded,profile,working-tree,wordbase-square-word-count-bonus-only-overflow-start-160-minus-one-per-48,364630,72926,3,"Changed only the heuristic-facing per-square bonus to subtract one point for each additional block of 48 words above 160 on a claimed cell, so ordinary 40- to 160-word GLAMORIZE- or PERILLED-style lane squares stayed fully linear while genuinely crowded 208-plus hubs lost at most a point. The repeated-search profile was bit-for-bit identical to the retained 364630 / 72926 / depth 3 baseline, including the INTERROBANG principal variation, so treating it as flat and reverting without running profile-suite."
2026-03-09T00:38:09-07:00,discarded,profile,working-tree,wordbase-square-word-count-bonus-only-minus-one-one-hundred-twenty-eighth-per-cell,364220,72844,3,"Changed only the heuristic-facing per-square bonus to subtract each claimed cell's count divided by 128, aiming for a milder global taper that left ordinary 40- to 120-word GLAMORIZE-style lane squares nearly linear while trimming one point from genuinely crowded 128-plus hubs. Even this lighter whole-board compression still regressed the repeated-search profile from the retained 364630 / 72926 / depth 3 baseline to 364220 / 72844 / depth 3 and switched the principal variation back to INTERROBANG, so reverting without running profile-suite."
2026-03-09T00:39:44-07:00,discarded,profile,working-tree,wordbase-square-word-count-bonus-only-overflow-start-224-half-tail,364490,72898,3,"Changed only the heuristic-facing per-square bonus to keep each claimed cell linear through 224 and then credit only half of further overflow, aiming to leave ordinary 40- to 120-word GLAMORIZE- or PERILLED-style lane squares untouched while giving the rare 225-plus overlap hub a few points less influence. The repeated-search profile immediately reproduced the same regression as the other hotspot tapers, dropping from the retained 364630 / 72926 / depth 3 baseline to 364490 / 72898 / depth 3 and switching the principal variation back to INTERROBANG, so reverting without running profile-suite."
2026-03-09T00:42:21-07:00,discarded,profile,working-tree,wordbase-square-word-count-bonus-only-overflow-start-192-minus-one-per-32,364630,72926,3,"Changed only the heuristic-facing per-square bonus to subtract one point for each additional block of 32 words above 192 on a claimed cell, aiming to keep ordinary 40- to 120-word GLAMORIZE- or PERILLED-style lanes fully linear while lightly compressing the broad high-count tail instead of cutting only the single 231-word hotspot. The repeated-search profile was bit-for-bit identical to the retained 364630 / 72926 / depth 3 baseline, including the INTERROBANG principal variation, so treating it as flat and reverting without running profile-suite."
2026-03-09T00:44:10-07:00,discarded,profile,working-tree,wordbase-square-word-count-bonus-only-overflow-start-160-three-quarters-tail,356060,71212,3,"Changed only the heuristic-facing per-square bonus to keep each claimed cell linear through 160 and then credit three quarters of further overflow, so ordinary 40- to 120-word GLAMORIZE- or PERILLED-style lane squares stayed untouched while 200-plus overlap hubs lost a modest slice of their tail value. That broader taper clearly over-compressed busy lanes: the repeated-search profile regressed from the retained 364630 / 72926 / depth 3 baseline to 356060 / 71212 / depth 3 and switched the principal variation back to INTERROBANG, so reverting without running profile-suite."
2026-03-09T00:45:47-07:00,discarded,profile,working-tree,wordbase-square-word-count-bonus-only-per-cell-cap-224,364390,72878,3,"Changed only the heuristic-facing per-square bonus to cap each claimed cell at 224 words before summing, aiming to leave ordinary GLAMORIZE- or PERILLED-style lane squares linear while preventing a single overcrowded 225-plus overlap hub from dominating move ordering by itself. The repeated-search profile regressed from the retained 364630 / 72926 / depth 3 baseline to 364390 / 72878 / depth 3 and switched the principal variation back to INTERROBANG, so reverting without running profile-suite."
2026-03-09T00:47:03-07:00,discarded,profile,working-tree,wordbase-square-word-count-bonus-only-overflow-start-224-flat-minus-one,364630,72926,3,"Changed only the heuristic-facing per-square bonus to leave each claimed cell linear through 224 and then subtract a flat one point above that threshold, aiming to touch only the known 225-plus overlap hub while leaving ordinary GLAMORIZE- or PERILLED-style lane squares unchanged. The repeated-search profile was bit-for-bit identical to the retained 364630 / 72926 / depth 3 baseline, including the INTERROBANG principal variation, so treating it as flat and reverting without running profile-suite."
2026-03-09T00:49:34-07:00,discarded,profile,working-tree,wordbase-square-word-count-bonus-only-overflow-start-192-quadratic-tail-over-512,364490,72898,3,"Changed only the heuristic-facing per-square bonus to keep counts linear through 192 and then subtract a tiny quadratic overflow term, so ordinary 40- to 120-word GLAMORIZE- or PERILLED-style lanes stayed untouched while a 231-word overlap knot lost just 2 points instead of dominating on raw local clutter. Even that smooth late-tail compression reproduced the familiar regression from the retained 364630 / 72926 / depth 3 baseline to 364490 / 72898 / depth 3 with the same INTERROBANG principal variation, so reverting without running profile-suite."
2026-03-09T00:50:51-07:00,discarded,profile,working-tree,wordbase-square-word-count-bonus-only-overflow-start-192-minus-one-per-8,364490,72898,3,"Changed only the heuristic-facing per-square bonus to keep each claimed cell linear through 192 and then shave one point for every additional 8 words, so ordinary 40- to 120-word GLAMORIZE- or PERILLED-style lanes stayed untouched while a 231-word overlap knot lost only 4 points. Even that gentler taper reproduced the same regression from the retained 364630 / 72926 / depth 3 baseline to 364490 / 72898 / depth 3 with the same INTERROBANG principal variation, so reverting without running profile-suite."
2026-03-09T00:52:25-07:00,discarded,profile,working-tree,wordbase-square-word-count-bonus-only-overflow-start-96-seven-eighths-tail,351630,70326,3,"Changed only the heuristic-facing per-square bonus to keep each claimed cell linear through 96 and then credit seven eighths of further overflow, so ordinary 40-word GLAMORIZE-style lane squares stayed untouched while a busier 120-word lane lost just 3 points and 200-plus PERILLED-style junctions lost a little more local clutter credit. The repeated-search profile regressed sharply from the retained 364630 / 72926 / depth 3 baseline to 351630 / 70326 / depth 3 and kept the INTERROBANG principal variation, so reverting without running profile-suite."
2026-03-09T00:54:30-07:00,discarded,profile,working-tree,wordbase-square-word-count-bonus-only-overflow-start-160-seven-eighths-tail,358255,71651,3,"Changed only the heuristic-facing per-square bonus to keep each claimed cell linear through 160 and then credit seven eighths of further overflow, so ordinary 40- to 120-word GLAMORIZE- or PERILLED-style lane squares stayed untouched while a 224-word overlap hub lost just 8 points of local clutter credit. The repeated-search profile regressed from the retained 364630 / 72926 / depth 3 baseline to 358255 / 71651 / depth 3 and kept the INTERROBANG principal variation, so reverting without running profile-suite."
2026-03-09T00:56:31-07:00,discarded,profile,working-tree,wordbase-square-word-count-bonus-only-overflow-start-208-minus-one-per-16,364630,72926,3,"Changed only the heuristic-facing per-square bonus to keep each claimed cell linear through 208 and then shave one point for every additional 16 words on that cell, so ordinary 40- to 120-word GLAMORIZE- or PERILLED-style lane squares stayed untouched while moves crossing several 220-plus overlap hubs would pay a small duplicate-clutter tax. The repeated-search profile was bit-for-bit identical to the retained 364630 / 72926 / depth 3 baseline, including the INTERROBANG principal variation, so treating it as flat and reverting without running profile-suite."
2026-03-09T00:57:59-07:00,discarded,profile,working-tree,wordbase-square-word-count-bonus-only-overflow-start-224-half-tail,364490,72898,3,"Changed only the heuristic-facing per-square bonus to keep each claimed cell linear through 224 and then credit half of any further overflow, so ordinary 40- to 120-word GLAMORIZE- or PERILLED-style lane squares stayed untouched while the rare 225-plus overlap hubs lost only part of their duplicate-heavy tail value. The repeated-search profile regressed from the retained 364630 / 72926 / depth 3 baseline to 364490 / 72898 / depth 3 and kept the INTERROBANG principal variation, so reverting without running profile-suite."
2026-03-09T00:59:27-07:00,discarded,profile,working-tree,wordbase-square-word-count-bonus-only-overflow-start-224-minus-one-per-4,364630,72926,3,"Changed only the heuristic-facing per-square bonus to keep each claimed cell linear through 224 and then shave one point for every additional 4 words, so ordinary GLAMORIZE- or PERILLED-style lane squares stayed untouched while the rare 225-plus overlap hubs paid only a tiny duplicate-clutter tax. The repeated-search profile was bit-for-bit identical to the retained 364630 / 72926 / depth 3 baseline, including the INTERROBANG principal variation, so treating it as flat and reverting without running profile-suite."
2026-03-09T01:01:05-07:00,discarded,profile,working-tree,wordbase-square-word-count-bonus-only-overflow-start-224-minus-one-per-2,364490,72898,3,"Changed only the heuristic-facing per-square bonus to keep each claimed cell linear through 224 and then shave one point for every additional 2 words, so ordinary GLAMORIZE- or PERILLED-style lane squares stayed untouched while the single busiest overlap hub paid a slightly larger duplicate-clutter tax. The repeated-search profile regressed from the retained 364630 / 72926 / depth 3 baseline to 364490 / 72898 / depth 3 and kept the INTERROBANG principal variation, so reverting without running profile-suite."
2026-03-09T01:03:14-07:00,discarded,profile,working-tree,wordbase-square-word-count-bonus-only-cap-230,364630,72926,3,"Changed only the heuristic-facing per-square bonus to cap each claimed cell at 230 words before summing, so ordinary 40- to 120-word GLAMORIZE- or PERILLED-style lane squares stayed fully linear while only the single 231-word overlap hub lost one point of duplicate-clutter credit. The repeated-search profile was bit-for-bit identical to the retained 364630 / 72926 / depth 3 baseline, including the INTERROBANG principal variation, so treating it as flat and reverting without running profile-suite."
2026-03-09T01:05:16-07:00,discarded,profile,working-tree,wordbase-square-word-count-bonus-only-overflow-start-208-minus-one-per-8,364490,72898,3,"Changed only the heuristic-facing per-square bonus to keep each claimed cell linear through 208 and then shave one point for every additional 8 words, so ordinary 40- to 120-word GLAMORIZE- or PERILLED-style lane squares stayed untouched while rare 220-plus overlap hubs lost a couple of points of duplicate-clutter credit. The repeated-search profile regressed from the retained 364630 / 72926 / depth 3 baseline to 364490 / 72898 / depth 3 and kept the INTERROBANG principal variation, so reverting without running profile-suite."
2026-03-09T01:07:03-07:00,discarded,profile,working-tree,wordbase-square-word-count-bonus-only-overflow-start-200-minus-one-per-16,364630,72926,3,"Changed only the heuristic-facing per-square bonus to keep each claimed cell linear through 200 and then shave one point for every additional 16 words, so ordinary 40- to 120-word GLAMORIZE- or PERILLED-style lane squares stayed untouched while 208- to 231-word overlap hubs paid a tiny duplicate-clutter tax. The repeated-search profile was bit-for-bit identical to the retained 364630 / 72926 / depth 3 baseline, including the INTERROBANG principal variation, so treating it as flat and reverting without running profile-suite."
2026-03-09T01:09:14-07:00,discarded,profile,working-tree,wordbase-square-word-count-bonus-only-cap-208,362575,72515,3,"Changed only the heuristic-facing per-square bonus to cap each claimed cell at 208 words before summing, so ordinary 40- to 120-word GLAMORIZE- or PERILLED-style lane squares stayed fully linear while 209- to 231-word overlap hubs could no longer dominate on raw local clutter alone. The repeated-search profile regressed from the retained 364630 / 72926 / depth 3 baseline to 362575 / 72515 / depth 3 and kept the INTERROBANG principal variation, so reverting without running profile-suite."
2026-03-09T01:11:36-07:00,discarded,profile,working-tree,wordbase-tt-local-tiebreak-window6-distance2,364630,72926,3,"Added a local TT move nudge inside `minimax`: if the stored move was `EXACT_VALUE` or from at least the current depth, and it already appeared inside the top 6 heuristic-ranked moves, rotate it forward by at most 2 slots so nearby GLAMORIZE- or PERILLED-style lane siblings could swap locally without replaying the old global hash-move-first failure mode. The repeated-search profile was bit-for-bit identical to the retained 364630 / 72926 / depth 3 baseline, including the INTERROBANG principal variation, so treating it as flat and reverting without running profile-suite."
2026-03-09T01:14:34-07:00,discarded,profile,working-tree,wordbase-tt-local-tiebreak-prefix4-distance1,364630,72926,3,"Added an even narrower TT nudge inside `minimax`: if the stored move was `EXACT_VALUE` or from at least the current depth and already sat inside the top 4 heuristic-ranked moves, swap it forward by exactly one slot so close GLAMORIZE- or PERILLED-style lane siblings could flip locally without replaying the old hash-move-first override. The repeated-search profile was bit-for-bit identical to the retained 364630 / 72926 / depth 3 baseline, including the INTERROBANG principal variation, so treating it as flat and reverting without running profile-suite."
2026-03-09T01:18:12-07:00,discarded,profile,working-tree,wordbase-raw-path-pressure-exact-tiebreak,360320,72064,3,"Added a raw path-pressure tie-break inside `Goodness2`, using the existing length/progress/bomb lane score only when two moves had the same heuristic bucket so deeper GLAMORIZE-style pushes could beat cluttered sidelines with the same rounded total. The repeated-search profile regressed from the retained 364630 / 72926 / depth 3 baseline to 360320 / 72064 / depth 3 while keeping the INTERROBANG principal variation, so reverting without running profile-suite."
2026-03-09T01:20:17-07:00,discarded,profile,working-tree,wordbase-tt-move-ordering-plus-aspiration-window32,182125,36425,3,"Stored the prior iteration score at the root, retried each deeper search inside a +/-32 aspiration window with widening and a full-window fallback, and promoted any legal TT move to the front of the already sorted move list. On the repeated-search profile this was a clear regression from the retained 364630 / 72926 / depth 3 baseline to 182125 / 36425 / depth 3 while keeping the INTERROBANG principal variation, so reverting without running profile-suite."
2026-03-09T01:22:28-07:00,discarded,profile,working-tree,wordbase-average-signal-exact-tiebreak,364630,72926,3,"Added a final per-cell average tie-break inside `Goodness2`, comparing the existing forward-reach, long-diversity, diversity, and square-word-count totals only after their raw sums were already tied so concentrated PERILLED-style lanes could beat equally scored but more diffuse paths. The repeated-search profile was bit-for-bit identical to the retained 364630 / 72926 / depth 3 baseline, including the INTERROBANG principal variation, so treating it as flat and reverting without running profile-suite."
2026-03-09T01:24:27-07:00,discarded,profile,working-tree,wordbase-future-word-family-exact-tiebreak,364630,72926,3,"Added a distinct-word-family tie-break inside `Goodness2`, deduplicating coordinate variants of the same future text so a lane preserving attacks like STARE/STERN/STONE could beat one that mostly kept many GLAMORIZE-shaped path copies only after the retained raw signals had already tied exactly. The repeated-search profile was bit-for-bit identical to the retained 364630 / 72926 / depth 3 baseline, including the INTERROBANG principal variation, so treating it as flat and reverting without running profile-suite."
2026-03-09T01:26:45-07:00,discarded,profile,working-tree,wordbase-forward-reach-delta-exact-tiebreak,364630,72926,3,"Added a final exact-tie forward-reach delta inside `Goodness2`, preferring lanes that kept the same side-to-move forward reach while leaving fewer opponent counter-ladders, so one PERILLED-style push could beat another only when their retained raw signals already matched. The repeated-search profile was bit-for-bit identical to the retained 364630 / 72926 / depth 3 baseline, including the INTERROBANG principal variation, so treating it as flat and reverting without running profile-suite."
2026-03-09T01:27:49-07:00,discarded,profile,working-tree,wordbase-tt-move-ordering-only,181850,36370,3,"Promoted the cached TT move to the front of the already sorted legal-move list inside `Minimax`, so a repeated board that still preferred INTERROBANG over nearby lane-equivalent sidesteps could cut earlier without changing evaluation. The repeated-search profile regressed sharply from the retained 364630 / 72926 / depth 3 baseline to 181850 / 36370 / depth 3 while keeping the same INTERROBANG principal variation, so reverting without running profile-suite."
2026-03-09T01:29:24-07:00,discarded,profile,working-tree,wordbase-root-aspiration-window128,181850,36370,3,"Added a root-only aspiration window around the previous completed score with an immediate full-window fallback, so repeated searches that kept choosing INTERROBANG could reuse the prior evaluation band unless a deeper lane swing broke out. The repeated-search profile regressed sharply from the retained 364630 / 72926 / depth 3 baseline to 181850 / 36370 / depth 3 while keeping the same INTERROBANG principal variation, so reverting without running profile-suite."
2026-03-09T01:31:16-07:00,discarded,profile,working-tree,wordbase-future-word-family-diversity-bonus-quarter,17890,3578,2,"Added a small distinct-word-family bonus and tie-break in `Goodness2`, deduplicating coordinate copies of the same future text so a lane keeping options like STARE/STERN/STONE could outrank one that mostly preserved several GLAMORIZE-shaped path variants. The repeated-search profile collapsed from the retained 364630 / 72926 / depth 3 baseline to 17890 / 3578 / depth 2 while still choosing INTERROBANG, so reverting immediately without running profile-suite."
2026-03-09T01:33:17-07:00,discarded,profile,working-tree,wordbase-tt-move-ordering-plus-root-aspiration-window128,182905,36581,3,"Combined the stored TT move ordering with a root aspiration window around the previous completed score, retrying immediately with the full window if a deeper Wordbase lane broke outside the band so repeated INTERROBANG-style searches could cut earlier without touching evaluation. The repeated-search profile still regressed sharply from the retained 364630 / 72926 / depth 3 baseline to 182905 / 36581 / depth 3 while keeping the same INTERROBANG principal variation, so reverting without running profile-suite."
2026-03-09T01:35:22-07:00,discarded,profile,working-tree,wordbase-exact-tt-near-front-promotion-limit4,182905,36581,3,"Only promoted an exact-TT move when the board heuristic already kept it in the top four lanes, so a repeated INTERROBANG line would only jump ahead of nearby peers like PERILLED instead of bulldozing the broader static ordering. The repeated-search profile still regressed sharply from the retained 364630 / 72926 / depth 3 baseline to 182905 / 36581 / depth 3 while keeping the same INTERROBANG principal variation, so reverting without running profile-suite."
2026-03-09T01:38:37-07:00,discarded,profile,working-tree,wordbase-base-lane-final-exact-tiebreak,364630,72926,3,"Added the raw base lane score as the final `Goodness2` tiebreak after the retained raw diversity, forward-reach, and square-count signals, so if two moves preserved the same future graph a deeper PERILLED-style push could still beat a shallower side-step. The repeated-search profile was bit-for-bit identical to the retained 364630 / 72926 / depth 3 baseline, including the INTERROBANG principal variation, so treating it as flat and reverting without running profile-suite."
2026-03-09T01:41:52-07:00,discarded,profile,working-tree,wordbase-root-pv-move-promotion,333670,66734,3,"Promoted only the previous completed depth's root PV move to the front of the next iterative-deepening pass, so if INTERROBANG had already won at shallower depth it could set alpha before nearby lanes like PERILLED without disturbing the broader static ordering deeper in the tree. The repeated-search profile still regressed clearly from the retained 364630 / 72926 / depth 3 baseline to 333670 / 66734 / depth 3 while keeping the same INTERROBANG principal variation, so reverting without running profile-suite."
2026-03-09T01:46:27-07:00,discarded,profile,working-tree,wordbase-future-square-coverage-exact-tiebreak,364630,72926,3,"Added a final exact-tie future-square-coverage count in `Goodness2`, counting how many distinct board cells remained reachable through any future word touching the claimed path so a PERILLED-style lane that fans into several nearby entries could beat one that funnels through one choke point. The repeated-search profile was bit-for-bit identical to the retained 364630 / 72926 / depth 3 baseline, including the INTERROBANG principal variation, so treating it as flat and reverting without running profile-suite."
2026-03-09T01:48:53-07:00,kept,profile,working-tree,wordbase-root-exact-tt-aspiration-window128,365685,73137,3,"Added a root-only aspiration retry gated on a verified exact TT score from the previous completed depth, so a stable INTERROBANG-style lane reuses the prior band while a deeper PERILLED-style swing immediately falls back to the full window without disturbing static move ordering. The repeated-search profile improved reproducibly in two runs from 364630 / 72926 / depth 3 to 365685 / 73137 / depth 3."
2026-03-09T01:48:53-07:00,kept,profile-suite,working-tree,wordbase-root-exact-tt-aspiration-window128,667885,44525.67,4,"Suite verification for the exact-root TT aspiration window: readme-main improved to 365685, driver-sample-a improved to 300190, driver-sample-b held at 2010 / depth 4, and suite avg_total_nodes improved from 221615.00 to 222628.33 with no board regressions."
2026-03-09T01:51:14-07:00,discarded,profile,working-tree,wordbase-root-aspiration-depth3-gate,365685,73137,3,"Delayed the retained exact-root aspiration window until depth 3+, on the theory that shallow Wordbase score swings are still noisy enough that a depth-2 retry can cost more than it saves while deeper INTERROBANG-style lanes stay stable. The repeated-search profile was bit-for-bit identical to the retained 365685 / 73137 / depth 3 baseline, so treating it as flat and reverting without running profile-suite."
2026-03-09T01:52:59-07:00,discarded,profile,working-tree,wordbase-root-exact-tt-aspiration-window96,365685,73137,3,"Tightened the retained exact-root aspiration band from 128 to 96 so a repeated INTERROBANG-style lane would search inside a narrower score corridor before falling back if a deeper PERILLED-style break appeared. The repeated-search profile was bit-for-bit identical to the retained 365685 / 73137 / depth 3 baseline, so treating it as flat and reverting without running profile-suite."
2026-03-09T01:55:08-07:00,discarded,profile,working-tree,wordbase-root-exact-tt-aspiration-directional-retry256,365685,73137,3,"Added a one-step directional retry that widened the retained exact-root aspiration only on the failing side to 256 before falling back, so a near-miss INTERROBANG lane could stay narrow while a deeper PERILLED-style swing still escaped to the full window. The repeated-search profile was bit-for-bit identical to the retained 365685 / 73137 / depth 3 baseline, so treating it as flat and reverting without running profile-suite."
2026-03-09T01:57:24-07:00,discarded,profile,working-tree,wordbase-exact-tt-near-front-promotion-limit1,365685,73137,3,"Let an exact TT move swap only with the current front move when it was already sitting second in the board-derived order, so an INTERROBANG lane could break a local tie with a nearby PERILLED-style rival without leaping past clearly stronger static candidates. The repeated-search profile was bit-for-bit identical to the retained 365685 / 73137 / depth 3 baseline, so treating it as flat and reverting without running profile-suite."
2026-03-09T01:59:28-07:00,discarded,profile,working-tree,wordbase-root-exact-tt-aspiration-window64,365685,73137,3,"Tightened the retained exact-root aspiration band from 128 to 64 so a repeated INTERROBANG-style lane would search inside an even narrower score corridor before falling back if a deeper PERILLED-style break appeared. The repeated-search profile was bit-for-bit identical to the retained 365685 / 73137 / depth 3 baseline, so treating it as flat and reverting without running profile-suite."
2026-03-09T02:01:42-07:00,discarded,profile,working-tree,wordbase-root-aspiration-without-tt-echo-check,365685,73137,3,"Dropped the extra root TT echo check and trusted the previous completed depth score directly for the next aspiration pass, on the theory that a repeated INTERROBANG board should still open inside the same narrow band even if the root TT slot were replaced before a deeper PERILLED-style break forces a full re-search. The repeated-search profile was bit-for-bit identical to the retained 365685 / 73137 / depth 3 baseline, so treating it as flat and reverting without running profile-suite."
2026-03-09T02:03:35-07:00,discarded,profile,working-tree,wordbase-tt-depth-preferred-replacement,365685,73137,3,"Kept the existing TT entry when the same position already had a deeper result, so a shallow revisit would not overwrite a previously proved INTERROBANG-style lane with a weaker PERILLED-side bound before the next repeated search. The repeated-search profile was bit-for-bit identical to the retained 365685 / 73137 / depth 3 baseline, so treating it as flat and reverting without running profile-suite."
2026-03-09T02:10:13-07:00,discarded,profile,working-tree,wordbase-zobrist-fixed-tt,19290,3858,2,"Added a parallel 64-bit Zobrist index key on WordBaseState and swapped Minimax to a fixed-size one-entry-per-slot TT with depth-preferred replacement, hoping repeated INTERROBANG-style searches would benefit from tighter cache locality while verification still blocked a wrong PERILLED-style collision. The repeated-search profile regressed immediately to 19290 total_nodes / 3858 avg_nodes_per_turn / depth 2, so reverting without running profile-suite."
2026-03-09T02:14:49-07:00,discarded,profile,working-tree,wordbase-bitset-move-count-short-circuit,365685,73137,3,"Changed get_legal_moves2 to reserve the capped move budget and push results directly instead of counting every set bit first, hoping repeated INTERROBANG searches would spend less time sizing the bitset walk before emitting the same top 200 PERILLED-adjacent candidates. The repeated-search profile was bit-for-bit identical to the retained 365685 / 73137 / depth 3 baseline, so treating it as flat and reverting without running profile-suite."
2026-03-09T02:18:13-07:00,discarded,profile,working-tree,wordbase-zobrist-fixed-tt-generation-table,227127,45425.4,3,"Retried the assigned fixed-size TT idea with a parallel incremental Zobrist index key and a generation-stamped power-of-two table so resets stayed O(1) and verification still checked the full state before trusting a slot. The repeated-search profile was unstable and dropped to depth 2 on runs 2 and 3, finishing at only 227127 total_nodes / 45425.4 avg_nodes_per_turn / depth 3 versus the retained 365685 / 73137 / depth 3 baseline, so reverting without running profile-suite."
2026-03-09T02:21:21-07:00,discarded,profile,working-tree,wordbase-tt-sparser-unordered-map-buckets,365685,73137,3,"Explicitly lowered the TT unordered_map load factor and pre-sized its buckets so repeated INTERROBANG-style lookups would spend less time walking crowded chains before finding the same exact lane or PERILLED-side bound. The repeated-search profile was bit-for-bit identical to the retained 365685 / 73137 / depth 3 baseline, so treating it as flat and reverting without running profile-suite."
2026-03-09T02:24:39-07:00,discarded,profile,working-tree,wordbase-zobrist-fixed-tt-4way-buckets,365685,73137,3,"Added a separate incremental 64-bit TT index key on WordBaseState and retried the assigned fixed-size table as four-way set-associative buckets, so repeated INTERROBANG searches could keep both an exact lane and a nearby PERILLED-style defense reply in the same masked bucket before the verification key approved a reuse. The repeated-search profile was bit-for-bit identical to the retained 365685 / 73137 / depth 3 baseline, so treating it as flat and reverting without running profile-suite."
2026-03-09T02:28:20-07:00,discarded,profile,working-tree,wordbase-fixed-tt-cached-hash-index,365685,73137,3,"Replaced the unordered-map TT with a power-of-two fixed slot table indexed by the existing cached state hash, keeping the verification key and depth-preferred replacement so repeated INTERROBANG-style searches could test table locality without paying the earlier incremental-Zobrist bookkeeping cost. The repeated-search profile was bit-for-bit identical to the retained 365685 / 73137 / depth 3 baseline, so treating it as flat and reverting without running profile-suite."
2026-03-09T02:31:28-07:00,discarded,profile,working-tree,wordbase-raw-frontier-progress-tiebreak,365685,73137,3,"Extended the exact-goodness tie-break with raw frontier row, path length, and bomb-touch metadata so equal-score lanes would prefer deeper, broader board progress before falling back to id order; for example an INTERROBANG-style run already touching the lower rows would beat a same-score side branch that stalls earlier. The repeated-search profile was bit-for-bit identical to the retained 365685 / 73137 / depth 3 baseline, so treating it as flat and reverting without running profile-suite."
2026-03-09T03:00:00-07:00,discarded,profile,working-tree,wordbase-tt-any-bound-move-promotion,182905,36581,3,"Promoted any TT-cached move to the front of the already sorted legal-move list so repeated INTERROBANG-style positions would try the last remembered lane before sibling branches, even when the cached entry was only a lower or upper bound. The repeated-search profile regressed clearly to 182905 total_nodes / 36581 avg_nodes_per_turn / depth 3 versus the retained 365685 / 73137 / depth 3 baseline, so reverting without running profile-suite."
2026-03-09T03:03:00-07:00,discarded,profile,working-tree,wordbase-tt-exact-move-promotion,182905,36581,3,"Promoted only exact TT-cached moves to the front of the already sorted legal-move list so repeated INTERROBANG-style positions could reuse a proved best lane while lower- and upper-bound PERILLED-style entries stayed in their static order. The repeated-search profile still regressed clearly to 182905 total_nodes / 36581 avg_nodes_per_turn / depth 3 versus the retained 365685 / 73137 / depth 3 baseline, so reverting without running profile-suite."
2026-03-09T02:37:35-07:00,discarded,profile,working-tree,wordbase-zobrist-fixed-tt-direct-mapped,365685,73137,3,"Added a separate incremental 64-bit TT index key on WordBaseState and swapped the unordered-map TT for a direct-mapped power-of-two slot table with depth-preferred replacement, so repeated INTERROBANG-style revisits could probe one cache-local lane while a colliding PERILLED defense still had to win the slot on depth. The repeated-search profile was bit-for-bit identical to the retained 365685 / 73137 / depth 3 baseline, so treating it as flat and reverting without running profile-suite."
2026-03-09T02:40:41-07:00,discarded,profile,working-tree,wordbase-equivalent-word-count-tiebreak,365685,73137,3,"Extended the exact-goodness move-order tie-break with the number of distinct board paths that realize the same word text, so equal-score lanes would prefer broader repeated threats before falling back to id order; for example a same-score attack whose word appears through multiple anchor regions would beat a one-pocket path. The repeated-search profile was bit-for-bit identical to the retained 365685 / 73137 / depth 3 baseline, so treating it as flat and reverting without running profile-suite."
2026-03-09T02:43:19-07:00,discarded,profile,working-tree,wordbase-board-control-tiebreak-reorder,365685,73137,3,"Reordered the exact-goodness tie-break so equal-score lanes would prefer broader board control from raw forward-reach plus square-word-count totals before future-diversity counts; for example an INTERROBANG-style lane through dense central anchors would beat a same-score pocket line that preserves similar follow-ups in thinner territory. The repeated-search profile was bit-for-bit identical to the retained 365685 / 73137 / depth 3 baseline, so treating it as flat and reverting without running profile-suite."
2026-03-09T02:45:16-07:00,discarded,profile,working-tree,wordbase-forward-reach-stronger-heuristic-weight,354580,70916,3,"Raised the main heuristic weight of square-forward-reach by halving its divisor so repeated INTERROBANG-style searches would separate central advancing lanes from side-pocket cleanups before the exact-goodness tie-break, giving more bucket-level credit to anchors that keep feeding deeper PERILLED-style continuations. The repeated-search profile regressed to 354580 total_nodes / 70916 avg_nodes_per_turn / depth 3 versus the retained 365685 / 73137 / depth 3 baseline, so reverting without running profile-suite."
2026-03-09T02:47:54-07:00,discarded,profile,working-tree,wordbase-zobrist-fixed-tt-direct-mapped-rerun,364630,72926,3,"Replaced the unordered-map TT with a fixed-size direct-mapped slot table keyed by a new incremental 64-bit state key while keeping the existing hash and verification key in parallel, so repeated INTERROBANG-style searches could probe one cache-local slot and let deeper entries displace colliding shallower lanes. The repeated-search profile regressed to 364630 total_nodes / 72926 avg_nodes_per_turn / depth 3 versus the retained 365685 / 73137 / depth 3 baseline, so reverting without running profile-suite."
2026-03-09T02:51:33-07:00,discarded,profile,working-tree,wordbase-root-exact-tt-aspiration-window96,365685,73137,3,"Tightened the retained root-only aspiration retry window from 128 to 96 around the previous exact TT root score so steady INTERROBANG-style repeats would search a narrower band before falling back when a deeper PERILLED-style swing escaped it. The repeated-search profile was bit-for-bit identical to the retained 365685 / 73137 / depth 3 baseline, so treating it as flat and reverting without running profile-suite."
2026-03-09T02:51:33-07:00,discarded,profile,working-tree,wordbase-long-future-diversity-stronger-weight,365115,73023,3,"Raised the long-future-move diversity bonus by lowering its divisor from 4 to 3 so broad long follow-up lanes like the README board's glamorize family would separate earlier from shorter cleanup branches before the exact-goodness tie-break. The repeated-search profile regressed to 365115 total_nodes / 73023 avg_nodes_per_turn / depth 3 versus the retained 365685 / 73137 / depth 3 baseline, so reverting without running profile-suite."
2026-03-09T02:51:33-07:00,discarded,profile,working-tree,wordbase-long-future-diversity-weaker-weight,361295,72259,3,"Reduced the long-future-move diversity bonus by raising its divisor from 4 to 5 so the raw exact-goodness tie-break would keep distinguishing long lanes while the main heuristic spent less bucket weight on them. The repeated-search profile regressed to 361295 total_nodes / 72259 avg_nodes_per_turn / depth 3 versus the retained 365685 / 73137 / depth 3 baseline, so reverting without running profile-suite."
2026-03-09T02:55:16-07:00,discarded,profile,working-tree,wordbase-zobrist-fixed-tt-direct-mapped-two-megamix-rerun,227127,45425.4,3,"Added a separate 64-bit TT index key on WordBaseState and retried the direct-mapped fixed-size TT with depth-preferred replacement so repeated INTERROBANG-style revisits could probe one cache-local slot while a colliding PERILLED defense still had to beat the resident lane on depth. The repeated-search profile regressed badly to 227127 total_nodes / 45425.4 avg_nodes_per_turn / depth 3 and even dropped two repeated searches to depth 2 versus the retained 365685 / 73137 / depth 3 baseline, so reverting without running profile-suite."
2026-03-09T02:59:06-07:00,discarded,profile,working-tree,wordbase-long-future-then-board-control-tiebreak,365685,73137,3,"Moved the exact-goodness tie-break to keep long future diversity first but compare combined board control from raw forward-reach plus square-word-count totals before overall future diversity, so equal-score lanes with the same long \"glamorize\"-style threat would favor denser central anchors over thinner edge cleanups. The repeated-search profile was bit-for-bit identical to the retained 365685 / 73137 / depth 3 baseline, so treating it as flat and reverting without running profile-suite."
2026-03-09T03:02:00-07:00,discarded,profile,working-tree,wordbase-zobrist-fixed-tt-two-way-bucket,365685,73137,3,"Kept the cached state hash intact but added a separate incremental 64-bit TT index key and retried the fixed-size table as a 2-way bucketed cache so a README-style INTERROBANG attack and a colliding PERILLED defense could share one indexed bucket instead of immediately evicting each other. The repeated-search profile was bit-for-bit identical to the retained 365685 / 73137 / depth 3 baseline, so treating it as flat and reverting without running profile-suite."
2026-03-09T03:06:18-07:00,discarded,profile,working-tree,wordbase-zobrist-fixed-tt-four-way-bucket,365685,73137,3,"Replaced the unordered-map TT with a 4-way bucketed fixed-size table keyed by the existing incremental 64-bit state key, using depth-preferred replacement so a stable INTERROBANG attack and a colliding shallower PERILLED reply could coexist within one cache-local bucket before eviction. The repeated-search profile was bit-for-bit identical to the retained 365685 / 73137 / depth 3 baseline, so treating it as flat and reverting without running profile-suite."
2026-03-09T03:09:32-07:00,discarded,profile,working-tree,wordbase-zobrist-fixed-tt-four-way-bucket-generation,365685,73137,3,"Retried the 4-way fixed-size TT with generation-aware replacement so repeated INTERROBANG-style revisits would refresh their current-search bucket slot while equally deep but older PERILLED-style detours became the first eviction target. The repeated-search profile was still bit-for-bit identical to the retained 365685 / 73137 / depth 3 baseline, so treating it as flat and reverting without running profile-suite."
2026-03-09T03:12:34-07:00,discarded,profile,working-tree,wordbase-zobrist-fixed-tt-direct-mapped-verified-rebuild,365685,73137,3,"Explicitly rebuilt perf-test and retried the direct-mapped fixed-size TT indexed by the existing incremental 64-bit verification key, replacing on deeper results or equally deep newer entries so a repeated INTERROBANG lane could reuse one cache-local slot while an older colliding PERILLED branch lost the tie. The rebuilt repeated-search profile was still bit-for-bit identical to the retained 365685 / 73137 / depth 3 baseline, so treating it as flat and reverting without running profile-suite."
2026-03-09T03:16:06-07:00,discarded,profile,working-tree,wordbase-zobrist-fixed-tt-linear-probe4,365685,73137,3,"Replaced the unordered-map TT with a fixed-size table that probes four cache-local slots from the incremental 64-bit TT key before evicting an older or shallower entry, so a repeated INTERROBANG lane and a colliding PERILLED reply could share one short neighborhood instead of one exact bucket. The repeated-search profile was still bit-for-bit identical to the retained 365685 / 73137 / depth 3 baseline, so treating it as flat and reverting without running profile-suite."
2026-03-09T03:19:35-07:00,discarded,profile,working-tree,wordbase-tt-move-ordering,365685,73137,3,"Kept the existing board-derived move sort but promoted the verified TT reply to the front when it was still legal, so repeated INTERROBANG attack lanes or forced PERILLED blocks could reuse the prior cutoff word before the rest of the static pack. The repeated-search profile was still bit-for-bit identical to the retained 365685 / 73137 / depth 3 baseline, so treating it as flat and reverting without running profile-suite."
2026-03-09T03:22:03-07:00,discarded,profile,working-tree,wordbase-zobrist-fixed-tt-eight-way-bucket,365685,73137,3,"Retried the fixed-size TT as an 8-way cache-local bucket keyed by the existing 64-bit verification value, replacing the shallowest or oldest resident so repeated INTERROBANG attack lanes and PERILLED-style defensive replies had even more room to coexist before eviction. The repeated-search profile was still bit-for-bit identical to the retained 365685 / 73137 / depth 3 baseline, so treating it as flat and reverting without running profile-suite."
2026-03-09T03:26:02-07:00,discarded,profile,working-tree,wordbase-zobrist-fixed-tt-hash-indexed-four-way-bucket,365685,73137,3,"Retried the 4-way fixed TT with the same verified bucket replacement policy but indexed each cache-local bucket from the cached state hash instead of the verification stream, so repeated INTERROBANG attacks and a colliding PERILLED block would redistribute across buckets without changing the exact-key safety check. The repeated-search profile was still bit-for-bit identical to the retained 365685 / 73137 / depth 3 baseline, so treating it as flat and reverting without running profile-suite."
2026-03-09T03:29:14-07:00,discarded,profile,working-tree,wordbase-zobrist-fixed-tt-two-choice,365685,73137,3,"Retried the fixed-size TT as a two-choice table where each verified state could live in either its cached-hash slot or a second mixed-verification slot, so repeated INTERROBANG attacks and PERILLED-style blocks could avoid one direct-mapped collision without paying for a longer probe chain. The repeated-search profile was still bit-for-bit identical to the retained 365685 / 73137 / depth 3 baseline, so treating it as flat and reverting without running profile-suite."
2026-03-09T03:31:40-07:00,discarded,profile,working-tree,wordbase-zobrist-fixed-tt-direct-mapped,365685,73137,3,"Replaced the unordered-map TT with a single-slot fixed-size table indexed by the cached state hash while keeping the 64-bit verification check and depth-preferred replacement, so repeated INTERROBANG attack lanes could hit one cache-local slot unless a deeper PERILLED-style collision deserved the entry instead. The repeated-search profile was still bit-for-bit identical to the retained 365685 / 73137 / depth 3 baseline, so treating it as flat and reverting without running profile-suite."
2026-03-09T03:34:01-07:00,discarded,profile,working-tree,wordbase-unordered-tt-depth-preferred-replacement,365685,73137,3,"Changed the existing unordered-map TT to keep a deeper resident entry when the same verified position was revisited through a shallower word order, so a forcing INTERROBANG lane would not get overwritten by a shorter PERILLED-style detour unless the new search reached the same depth. The repeated-search profile was still bit-for-bit identical to the retained 365685 / 73137 / depth 3 baseline, so treating it as flat and reverting without running profile-suite."
2026-03-09T03:38:08-07:00,discarded,profile,working-tree,wordbase-zobrist-index-key-fixed-tt,365685,73137,3,"Added a dedicated incremental 64-bit Zobrist-style TT index key beside the retained cached hash and verification key, then keyed a direct-mapped fixed-size table from that stream so repeated INTERROBANG attacks and a colliding PERILLED reply could separate by index without changing exact-key safety. The repeated-search profile was still bit-for-bit identical to the retained 365685 / 73137 / depth 3 baseline, so treating it as flat and reverting without running profile-suite."
2026-03-09T03:42:11-07:00,discarded,profile,working-tree,wordbase-fixed-tt-direct-mapped-exact-preserving,365685,73137,3,"Replaced the unordered-map TT with a direct-mapped fixed-size table indexed by the existing cached state hash, but preserved verified exact entries against shallower bound collisions so a reusable INTERROBANG attack score would survive a bucket clash with a looser PERILLED-style reply. The repeated-search profile was still bit-for-bit identical to the retained 365685 / 73137 / depth 3 baseline, so treating it as flat and reverting without running profile-suite."
2026-03-09T03:45:32-07:00,discarded,profile,working-tree,wordbase-fixed-tt-four-way-exact-priority,227127,45425.4,3,"Retried the fixed-size TT as a 4-slot bucket that refused to evict deeper verified exact entries for shallower bound-only traffic, so a reusable INTERROBANG exact lane could stay resident even when nearby PERILLED-style reply bounds filled the same neighborhood. The repeated-search profile regressed badly to 227127 / 45425.4, and repeats 4 and 5 fell to depth 2, so reverting immediately without running profile-suite."
2026-03-09T04:16:38-07:00,discarded,profile,working-tree,wordbase-equivalent-word-count-tiebreak,365685,73137,3,"Broke exact move-ordering ties with the number of same-text legal paths already present on the board, so if equally scored routes like one-off STERN and repeated STARE lanes tied after the existing broadness signals, the search would try the more geometrically reusable word family first. The repeated-search profile was still bit-for-bit identical to the retained 365685 / 73137 / depth 3 baseline, so treating it as flat and reverting without running profile-suite."
2026-03-09T04:18:36-07:00,discarded,profile,working-tree,wordbase-future-square-coverage-tiebreak,365685,73137,3,"Broke exact move-ordering ties with the number of distinct board squares still covered by the future legal words touching a candidate path, so if equally scored routes left the same number of continuations, the search would try the one that still fanned out toward both STERN-style and STONE-style lanes before one trapped in a tighter STARE cluster. The repeated-search profile was still bit-for-bit identical to the retained 365685 / 73137 / depth 3 baseline, so treating it as flat and reverting without running profile-suite."
2026-03-09T04:20:27-07:00,discarded,profile,working-tree,wordbase-opponent-forward-reach-tiebreak,365685,73137,3,"Broke exact move-ordering ties with the cached opponent forward-reach total on the same claimed squares, so if equally scored routes pushed our lane equally far, the search would try the one that also sat on shallower reply ladders like stealing more of a STONE-style counterlane while keeping the same STERN-style attack depth. The repeated-search profile was still bit-for-bit identical to the retained 365685 / 73137 / depth 3 baseline, so treating it as flat and reverting without running profile-suite."
2026-03-09T04:22:42-07:00,discarded,profile,working-tree,wordbase-raw-geometry-exact-tiebreak,296406,59281.2,3,"Extended exact move-ordering ties with the raw base geometry already inside the heuristic, preferring equally scored lanes that reached farther and spent more letters in advanced rows, so a deeper STONE-style ladder would beat a flatter STERN-style route before falling back to id order. The repeated-search profile regressed to 296406 / 59281.2 / depth 3 because profile 2 dropped to depth 2 at 3858 nodes, so reverting immediately without running profile-suite."
2026-03-09T04:25:01-07:00,discarded,profile,working-tree,wordbase-square-count-before-forward-reach-tiebreak,365685,73137,3,"Reordered exact move-ordering ties so equally scored lanes would prefer broader square-word participation before forward reach, meaning a STERN-style route sitting on more total board continuations would outrank an equally scored STONE-style lane before falling back to geometry. The repeated-search profile was still bit-for-bit identical to the retained 365685 / 73137 / depth 3 baseline, so treating it as flat and reverting without running profile-suite."
2026-03-09T04:27:10-07:00,discarded,profile,working-tree,wordbase-square-forward-reach-bonus-only-per-cell-cap-10,365685,73137,3,"Clipped only the heuristic-facing per-cell forward-reach bonus at 10 while leaving the raw cached reach totals intact for exact-goodness ties, so a move touching one row-11 STONE-style anchor would not outrank a broader STERN/PERILLED lane unless the rest of the board support agreed. The repeated-search profile was still bit-for-bit identical to the retained 365685 / 73137 / depth 3 baseline, so treating it as flat and reverting without running profile-suite."
2026-03-09T04:29:27-07:00,discarded,profile,working-tree,wordbase-average-square-density-bonus,365360,73072,3,"Added a small average square-word-count bonus to the primary heuristic so lanes that stay on rich cells across the whole path, like a broad STERN-style corridor, could outrank longer STONE-style routes that only brush one hotspot. The repeated-search profile slipped slightly but reproducibly to 365360 / 73072 / depth 3 versus the retained 365685 / 73137 / depth 3 baseline, so reverting without running profile-suite."
2026-03-09T04:31:27-07:00,discarded,profile,working-tree,wordbase-square-support-density-exact-tiebreak,365685,73137,3,"Broke exact move-ordering ties with average square-word support after the existing raw totals, so if two routes preserved the same total board participation the search would try the denser STERN-style corridor before a STONE-style detour padded by a dead square. The repeated-search profile was still bit-for-bit identical to the retained 365685 / 73137 / depth 3 baseline, so treating it as flat and reverting without running profile-suite."
2026-03-09T04:34:06-07:00,discarded,profile,working-tree,wordbase-future-progress-total-exact-tiebreak,365685,73137,3,"Added an exact move-ordering tie-break with the summed forward progress of the distinct future words touching a path, so if two routes preserved the same number of continuations the search would try the one that still left deeper STONE/PERILLED-style lanes instead of flatter cleanups. The repeated-search profile was still bit-for-bit identical to the retained 365685 / 73137 / depth 3 baseline, so treating it as flat and reverting without running profile-suite."
